"Modnames","K","AICc","Delta_AICc","ModelLik","AICcWt","LL","Cum.Wt"
"Null",2,278.355783663548,0,1,0.521982025751615,-137.098944463353,0.521982025751615
"Sex",3,279.302670288367,0.94688662481957,0.622853891105744,0.325118535826652,-136.491335144184,0.847100561578267
"Breeding Location",4,281.748982931368,3.39319926782059,0.183305772249343,0.0956823183306764,-136.604221195414,0.942782879908943
"Breeding Location + Sex",5,282.777343659485,4.42155999593763,0.109615115594581,0.0572171200910566,-135.977712925633,1
